region	department	commune	pcode	latitude	longitude	area_sqkm	valid_on	version	data_source
Adamaoua	Djérem	Ngaoundal	CM001001001	6.440265	13.140208	3711.078	2019-01-04	v01	OCHA COD-AB Cameroon admin level 3, reviewed 2025-10-30, source Institut National de Cartographie (INC), HDX package cod-ab-cmr
Adamaoua	Djérem	Tibati	CM001001002	6.529496	12.643240	9600.766	2019-01-04	v01	OCHA COD-AB Cameroon admin level 3, reviewed 2025-10-30, source Institut National de Cartographie (INC), HDX package cod-ab-cmr
Adamaoua	Faro-et-Déo	Galim-Tignere	CM001002001	7.130550	12.307987	1806.946	2019-01-04	v01	OCHA COD-AB Cameroon admin level 3, reviewed 2025-10-30, source Institut National de Cartographie (INC), HDX package cod-ab-cmr
Adamaoua	Faro-et-Déo	Kontcha	CM001002002	8.062844	12.269412	393.394	2019-01-04	v01	OCHA COD-AB Cameroon admin level 3, reviewed 2025-10-30, source Institut National de Cartographie (INC), HDX package cod-ab-cmr
Adamaoua	Faro-et-Déo	Mayo-Baleo	CM001002003	7.679077	12.331649	3579.571	2019-01-04	v01	OCHA COD-AB Cameroon admin level 3, reviewed 2025-10-30, source Institut National de Cartographie (INC), HDX package cod-ab-cmr
Adamaoua	Faro-et-Déo	Tignere	CM001002004	7.360700	12.634534	4872.094	2019-01-04	v01	OCHA COD-AB Cameroon admin level 3, reviewed 2025-10-30, source Institut National de Cartographie (INC), HDX package cod-ab-cmr
Adamaoua	Mayo-Banyo	Bankim	CM001003001	6.257160	11.496096	2442.412	2019-01-04	v01	OCHA COD-AB Cameroon admin level 3, reviewed 2025-10-30, source Institut National de Cartographie (INC), HDX package cod-ab-cmr
Adamaoua	Mayo-Banyo	Banyo	CM001003002	6.723075	11.798740	5066.472	2019-01-04	v01	OCHA COD-AB Cameroon admin level 3, reviewed 2025-10-30, source Institut National de Cartographie (INC), HDX package cod-ab-cmr
Adamaoua	Mayo-Banyo	Mayo-Darle	CM001003003	6.476444	11.652247	965.997	2019-01-04	v01	OCHA COD-AB Cameroon admin level 3, reviewed 2025-10-30, source Institut National de Cartographie (INC), HDX package cod-ab-cmr
Adamaoua	Mbéré	Dir	CM001004001	6.405796	13.670910	4911.647	2019-01-04	v01	OCHA COD-AB Cameroon admin level 3, reviewed 2025-10-30, source Institut National de Cartographie (INC), HDX package cod-ab-cmr
Adamaoua	Mbéré	Djohong	CM001004002	6.930910	14.872287	2470.526	2019-01-04	v01	OCHA COD-AB Cameroon admin level 3, reviewed 2025-10-30, source Institut National de Cartographie (INC), HDX package cod-ab-cmr
Adamaoua	Mbéré	Meiganga	CM001004003	6.436945	14.421268	6761.126	2019-01-04	v01	OCHA COD-AB Cameroon admin level 3, reviewed 2025-10-30, source Institut National de Cartographie (INC), HDX package cod-ab-cmr
Adamaoua	Mbéré	Ngaoui	CM001004004	6.780862	14.962211	266.587	2019-01-04	v01	OCHA COD-AB Cameroon admin level 3, reviewed 2025-10-30, source Institut National de Cartographie (INC), HDX package cod-ab-cmr
Adamaoua	Vina	Belel	CM001005001	7.108211	14.390114	2029.971	2019-01-04	v01	OCHA COD-AB Cameroon admin level 3, reviewed 2025-10-30, source Institut National de Cartographie (INC), HDX package cod-ab-cmr
Adamaoua	Vina	Martap	CM001005002	7.223425	13.174267	4627.772	2019-01-04	v01	OCHA COD-AB Cameroon admin level 3, reviewed 2025-10-30, source Institut National de Cartographie (INC), HDX package cod-ab-cmr
Adamaoua	Vina	Mbe	CM001005003	7.771792	13.540793	1716.953	2019-01-04	v01	OCHA COD-AB Cameroon admin level 3, reviewed 2025-10-30, source Institut National de Cartographie (INC), HDX package cod-ab-cmr
Adamaoua	Vina	Nganha	CM001005004	7.461628	13.916394	2077.818	2019-01-04	v01	OCHA COD-AB Cameroon admin level 3, reviewed 2025-10-30, source Institut National de Cartographie (INC), HDX package cod-ab-cmr
Adamaoua	Vina	Ngaoundere 1er	CM001005005	7.275412	13.546504	323.787	2019-01-04	v01	OCHA COD-AB Cameroon admin level 3, reviewed 2025-10-30, source Institut National de Cartographie (INC), HDX package cod-ab-cmr
Adamaoua	Vina	Ngaoundere 2e	CM001005006	7.347559	13.627492	257.136	2019-01-04	v01	OCHA COD-AB Cameroon admin level 3, reviewed 2025-10-30, source Institut National de Cartographie (INC), HDX package cod-ab-cmr
Adamaoua	Vina	Ngaoundere 3e	CM001005007	7.498880	13.564538	237.591	2019-01-04	v01	OCHA COD-AB Cameroon admin level 3, reviewed 2025-10-30, source Institut National de Cartographie (INC), HDX package cod-ab-cmr
Adamaoua	Vina	Nyambaka	CM001005008	6.911120	13.795951	5875.022	2019-01-04	v01	OCHA COD-AB Cameroon admin level 3, reviewed 2025-10-30, source Institut National de Cartographie (INC), HDX package cod-ab-cmr
Centre	Haute-Sanaga	Bibey	CM002001001	5.092925	12.887359	1236.992	2019-01-04	v01	OCHA COD-AB Cameroon admin level 3, reviewed 2025-10-30, source Institut National de Cartographie (INC), HDX package cod-ab-cmr
Centre	Haute-Sanaga	Lembe Yezoum	CM002001002	4.211376	12.249453	1018.154	2019-01-04	v01	OCHA COD-AB Cameroon admin level 3, reviewed 2025-10-30, source Institut National de Cartographie (INC), HDX package cod-ab-cmr
Centre	Haute-Sanaga	Mbandjock	CM002001003	4.450995	11.858860	936.188	2019-01-04	v01	OCHA COD-AB Cameroon admin level 3, reviewed 2025-10-30, source Institut National de Cartographie (INC), HDX package cod-ab-cmr
Centre	Haute-Sanaga	Minta	CM002001004	4.640977	12.966514	2063.100	2019-01-04	v01	OCHA COD-AB Cameroon admin level 3, reviewed 2025-10-30, source Institut National de Cartographie (INC), HDX package cod-ab-cmr
Centre	Haute-Sanaga	Nanga-Eboko	CM002001005	4.786016	12.378073	5396.806	2019-01-04	v01	OCHA COD-AB Cameroon admin level 3, reviewed 2025-10-30, source Institut National de Cartographie (INC), HDX package cod-ab-cmr
Centre	Haute-Sanaga	Nkoteng	CM002001006	4.492991	12.141004	762.508	2019-01-04	v01	OCHA COD-AB Cameroon admin level 3, reviewed 2025-10-30, source Institut National de Cartographie (INC), HDX package cod-ab-cmr
Centre	Haute-Sanaga	Nsem	CM002001007	4.902800	12.919445	320.439	2019-01-04	v01	OCHA COD-AB Cameroon admin level 3, reviewed 2025-10-30, source Institut National de Cartographie (INC), HDX package cod-ab-cmr
Centre	Lekié	Batchenga	CM002002001	4.285656	11.646982	233.736	2019-01-04	v01	OCHA COD-AB Cameroon admin level 3, reviewed 2025-10-30, source Institut National de Cartographie (INC), HDX package cod-ab-cmr
Centre	Lekié	Ebebda	CM002002002	4.405742	11.350761	217.877	2019-01-04	v01	OCHA COD-AB Cameroon admin level 3, reviewed 2025-10-30, source Institut National de Cartographie (INC), HDX package cod-ab-cmr
Centre	Lekié	Elig-Mfomo	CM002002003	4.168996	11.338701	203.165	2019-01-04	v01	OCHA COD-AB Cameroon admin level 3, reviewed 2025-10-30, source Institut National de Cartographie (INC), HDX package cod-ab-cmr
Centre	Lekié	Evodoula	CM002002004	4.127148	11.231842	184.087	2019-01-04	v01	OCHA COD-AB Cameroon admin level 3, reviewed 2025-10-30, source Institut National de Cartographie (INC), HDX package cod-ab-cmr
Centre	Lekié	Lobo	CM002002005	3.902356	11.249803	302.426	2019-01-04	v01	OCHA COD-AB Cameroon admin level 3, reviewed 2025-10-30, source Institut National de Cartographie (INC), HDX package cod-ab-cmr
Centre	Lekié	Monatele	CM002002006	4.259641	11.260639	415.892	2019-01-04	v01	OCHA COD-AB Cameroon admin level 3, reviewed 2025-10-30, source Institut National de Cartographie (INC), HDX package cod-ab-cmr
Centre	Lekié	Obala	CM002002007	4.116593	11.493746	400.596	2019-01-04	v01	OCHA COD-AB Cameroon admin level 3, reviewed 2025-10-30, source Institut National de Cartographie (INC), HDX package cod-ab-cmr
Centre	Lekié	Okola	CM002002008	3.995154	11.403576	577.958	2019-01-04	v01	OCHA COD-AB Cameroon admin level 3, reviewed 2025-10-30, source Institut National de Cartographie (INC), HDX package cod-ab-cmr
Centre	Lekié	Saa	CM002002009	4.358236	11.509805	500.696	2019-01-04	v01	OCHA COD-AB Cameroon admin level 3, reviewed 2025-10-30, source Institut National de Cartographie (INC), HDX package cod-ab-cmr
Centre	Mbam-et-Inoubou	Bafia	CM002003001	4.737973	11.230998	238.941	2019-01-04	v01	OCHA COD-AB Cameroon admin level 3, reviewed 2025-10-30, source Institut National de Cartographie (INC), HDX package cod-ab-cmr
Centre	Mbam-et-Inoubou	Bokito	CM002003002	4.483228	11.106781	1509.236	2019-01-04	v01	OCHA COD-AB Cameroon admin level 3, reviewed 2025-10-30, source Institut National de Cartographie (INC), HDX package cod-ab-cmr
Centre	Mbam-et-Inoubou	Deuk	CM002003003	5.003951	11.142775	1447.368	2019-01-04	v01	OCHA COD-AB Cameroon admin level 3, reviewed 2025-10-30, source Institut National de Cartographie (INC), HDX package cod-ab-cmr
Centre	Mbam-et-Inoubou	Kiiki	CM002003004	4.675530	11.153362	227.831	2019-01-04	v01	OCHA COD-AB Cameroon admin level 3, reviewed 2025-10-30, source Institut National de Cartographie (INC), HDX package cod-ab-cmr
Centre	Mbam-et-Inoubou	Kon Yambetta	CM002003005	4.811072	11.080464	349.511	2019-01-04	v01	OCHA COD-AB Cameroon admin level 3, reviewed 2025-10-30, source Institut National de Cartographie (INC), HDX package cod-ab-cmr
Centre	Mbam-et-Inoubou	Makenene	CM002003006	4.866288	10.586215	703.329	2019-01-04	v01	OCHA COD-AB Cameroon admin level 3, reviewed 2025-10-30, source Institut National de Cartographie (INC), HDX package cod-ab-cmr
Centre	Mbam-et-Inoubou	Ndikinimeki	CM002003007	4.674747	10.651209	1825.046	2019-01-04	v01	OCHA COD-AB Cameroon admin level 3, reviewed 2025-10-30, source Institut National de Cartographie (INC), HDX package cod-ab-cmr
Centre	Mbam-et-Inoubou	Nitoukou	CM002003008	4.650244	10.903439	170.918	2019-01-04	v01	OCHA COD-AB Cameroon admin level 3, reviewed 2025-10-30, source Institut National de Cartographie (INC), HDX package cod-ab-cmr
Centre	Mbam-et-Inoubou	Ombessa	CM002003009	4.627028	11.318884	359.318	2019-01-04	v01	OCHA COD-AB Cameroon admin level 3, reviewed 2025-10-30, source Institut National de Cartographie (INC), HDX package cod-ab-cmr
Centre	Mbam-et-Kim	Mbangassina	CM002004001	4.564287	11.460805	484.581	2019-01-04	v01	OCHA COD-AB Cameroon admin level 3, reviewed 2025-10-30, source Institut National de Cartographie (INC), HDX package cod-ab-cmr
Centre	Mbam-et-Kim	Ngambe-Tikar	CM002004002	5.653292	11.704791	6901.830	2019-01-04	v01	OCHA COD-AB Cameroon admin level 3, reviewed 2025-10-30, source Institut National de Cartographie (INC), HDX package cod-ab-cmr
Centre	Mbam-et-Kim	Ngoro	CM002004003	4.987585	11.434684	1990.868	2019-01-04	v01	OCHA COD-AB Cameroon admin level 3, reviewed 2025-10-30, source Institut National de Cartographie (INC), HDX package cod-ab-cmr
Centre	Mbam-et-Kim	Ntui	CM002004004	4.524612	11.661473	993.675	2019-01-04	v01	OCHA COD-AB Cameroon admin level 3, reviewed 2025-10-30, source Institut National de Cartographie (INC), HDX package cod-ab-cmr
Centre	Mbam-et-Kim	Yoko	CM002004005	5.444900	12.332411	15689.181	2019-01-04	v01	OCHA COD-AB Cameroon admin level 3, reviewed 2025-10-30, source Institut National de Cartographie (INC), HDX package cod-ab-cmr
Centre	Mefou-et-Afamba	Afanloum	CM002005001	4.126893	12.047374	252.928	2019-01-04	v01	OCHA COD-AB Cameroon admin level 3, reviewed 2025-10-30, source Institut National de Cartographie (INC), HDX package cod-ab-cmr
Centre	Mefou-et-Afamba	Assamba	CM002005002	3.991653	12.016970	230.048	2019-01-04	v01	OCHA COD-AB Cameroon admin level 3, reviewed 2025-10-30, source Institut National de Cartographie (INC), HDX package cod-ab-cmr
Centre	Mefou-et-Afamba	Awae	CM002005003	3.887999	11.901429	532.194	2019-01-04	v01	OCHA COD-AB Cameroon admin level 3, reviewed 2025-10-30, source Institut National de Cartographie (INC), HDX package cod-ab-cmr
Centre	Mefou-et-Afamba	Edzendouan	CM002005004	4.196504	11.726111	403.501	2019-01-04	v01	OCHA COD-AB Cameroon admin level 3, reviewed 2025-10-30, source Institut National de Cartographie (INC), HDX package cod-ab-cmr
Centre	Mefou-et-Afamba	Esse	CM002005005	4.123226	11.861345	838.901	2019-01-04	v01	OCHA COD-AB Cameroon admin level 3, reviewed 2025-10-30, source Institut National de Cartographie (INC), HDX package cod-ab-cmr
Centre	Mefou-et-Afamba	Mfou	CM002005006	3.689209	11.607951	499.927	2019-01-04	v01	OCHA COD-AB Cameroon admin level 3, reviewed 2025-10-30, source Institut National de Cartographie (INC), HDX package cod-ab-cmr
Centre	Mefou-et-Afamba	Nkolafamba	CM002005007	3.807863	11.736875	329.474	2019-01-04	v01	OCHA COD-AB Cameroon admin level 3, reviewed 2025-10-30, source Institut National de Cartographie (INC), HDX package cod-ab-cmr
Centre	Mefou-et-Afamba	Soa	CM002005008	4.004619	11.579038	272.248	2019-01-04	v01	OCHA COD-AB Cameroon admin level 3, reviewed 2025-10-30, source Institut National de Cartographie (INC), HDX package cod-ab-cmr
Centre	Mefou-et-Akono	Akono	CM002006001	3.485232	11.289741	182.748	2019-01-04	v01	OCHA COD-AB Cameroon admin level 3, reviewed 2025-10-30, source Institut National de Cartographie (INC), HDX package cod-ab-cmr
Centre	Mefou-et-Akono	Bikok	CM002006002	3.549055	11.412380	458.419	2019-01-04	v01	OCHA COD-AB Cameroon admin level 3, reviewed 2025-10-30, source Institut National de Cartographie (INC), HDX package cod-ab-cmr
Centre	Mefou-et-Akono	Mbankomo	CM002006003	3.756844	11.333010	445.055	2019-01-04	v01	OCHA COD-AB Cameroon admin level 3, reviewed 2025-10-30, source Institut National de Cartographie (INC), HDX package cod-ab-cmr
Centre	Mefou-et-Akono	Ngoumou	CM002006004	3.639439	11.303687	250.033	2019-01-04	v01	OCHA COD-AB Cameroon admin level 3, reviewed 2025-10-30, source Institut National de Cartographie (INC), HDX package cod-ab-cmr
Centre	Mfoundi	Yaounde 1er	CM002007001	3.914977	11.519500	56.179	2019-01-04	v01	OCHA COD-AB Cameroon admin level 3, reviewed 2025-10-30, source Institut National de Cartographie (INC), HDX package cod-ab-cmr
Centre	Mfoundi	Yaounde 2e	CM002007002	3.906977	11.484924	22.956	2019-01-04	v01	OCHA COD-AB Cameroon admin level 3, reviewed 2025-10-30, source Institut National de Cartographie (INC), HDX package cod-ab-cmr
Centre	Mfoundi	Yaounde 3e	CM002007003	3.791292	11.482725	68.159	2019-01-04	v01	OCHA COD-AB Cameroon admin level 3, reviewed 2025-10-30, source Institut National de Cartographie (INC), HDX package cod-ab-cmr
Centre	Mfoundi	Yaounde 4e	CM002007004	3.814588	11.529152	58.799	2019-01-04	v01	OCHA COD-AB Cameroon admin level 3, reviewed 2025-10-30, source Institut National de Cartographie (INC), HDX package cod-ab-cmr
Centre	Mfoundi	Yaounde 5e	CM002007005	3.895178	11.552481	25.851	2019-01-04	v01	OCHA COD-AB Cameroon admin level 3, reviewed 2025-10-30, source Institut National de Cartographie (INC), HDX package cod-ab-cmr
Centre	Mfoundi	Yaounde 6e	CM002007006	3.833272	11.471311	22.155	2019-01-04	v01	OCHA COD-AB Cameroon admin level 3, reviewed 2025-10-30, source Institut National de Cartographie (INC), HDX package cod-ab-cmr
Centre	Mfoundi	Yaounde 7e	CM002007007	3.874789	11.447083	35.308	2019-01-04	v01	OCHA COD-AB Cameroon admin level 3, reviewed 2025-10-30, source Institut National de Cartographie (INC), HDX package cod-ab-cmr
Centre	Nyong-et-Kellé	Biyouha	CM002008001	3.805506	10.722793	203.737	2019-01-04	v01	OCHA COD-AB Cameroon admin level 3, reviewed 2025-10-30, source Institut National de Cartographie (INC), HDX package cod-ab-cmr
Centre	Nyong-et-Kellé	Bondjock	CM002008002	3.657208	11.121771	283.963	2019-01-04	v01	OCHA COD-AB Cameroon admin level 3, reviewed 2025-10-30, source Institut National de Cartographie (INC), HDX package cod-ab-cmr
Centre	Nyong-et-Kellé	Bot-Makak	CM002008003	4.040062	10.934550	467.879	2019-01-04	v01	OCHA COD-AB Cameroon admin level 3, reviewed 2025-10-30, source Institut National de Cartographie (INC), HDX package cod-ab-cmr
Centre	Nyong-et-Kellé	Dibang	CM002008004	3.949293	10.730194	467.081	2019-01-04	v01	OCHA COD-AB Cameroon admin level 3, reviewed 2025-10-30, source Institut National de Cartographie (INC), HDX package cod-ab-cmr
Centre	Nyong-et-Kellé	Eseka	CM002008005	3.649085	10.821688	840.050	2019-01-04	v01	OCHA COD-AB Cameroon admin level 3, reviewed 2025-10-30, source Institut National de Cartographie (INC), HDX package cod-ab-cmr
Centre	Nyong-et-Kellé	Makak	CM002008006	3.573242	11.094571	1002.908	2019-01-04	v01	OCHA COD-AB Cameroon admin level 3, reviewed 2025-10-30, source Institut National de Cartographie (INC), HDX package cod-ab-cmr
Centre	Nyong-et-Kellé	Matomb	CM002008007	3.833724	11.049608	593.315	2019-01-04	v01	OCHA COD-AB Cameroon admin level 3, reviewed 2025-10-30, source Institut National de Cartographie (INC), HDX package cod-ab-cmr
Centre	Nyong-et-Kellé	Messondo	CM002008008	3.578279	10.509209	1944.082	2019-01-04	v01	OCHA COD-AB Cameroon admin level 3, reviewed 2025-10-30, source Institut National de Cartographie (INC), HDX package cod-ab-cmr
Centre	Nyong-et-Kellé	Ngog-Mapubi	CM002008009	3.899869	10.904390	271.344	2019-01-04	v01	OCHA COD-AB Cameroon admin level 3, reviewed 2025-10-30, source Institut National de Cartographie (INC), HDX package cod-ab-cmr
Centre	Nyong-et-Kellé	Nguibassal	CM002008010	4.098696	11.072343	279.071	2019-01-04	v01	OCHA COD-AB Cameroon admin level 3, reviewed 2025-10-30, source Institut National de Cartographie (INC), HDX package cod-ab-cmr
Centre	Nyong-et-Mfoumou	Akonolinga	CM002009001	3.914832	12.268059	2848.098	2019-01-04	v01	OCHA COD-AB Cameroon admin level 3, reviewed 2025-10-30, source Institut National de Cartographie (INC), HDX package cod-ab-cmr
Centre	Nyong-et-Mfoumou	Ayos	CM002009002	4.109242	12.489789	1650.084	2019-01-04	v01	OCHA COD-AB Cameroon admin level 3, reviewed 2025-10-30, source Institut National de Cartographie (INC), HDX package cod-ab-cmr
Centre	Nyong-et-Mfoumou	Endom	CM002009003	3.443760	12.105770	836.155	2019-01-04	v01	OCHA COD-AB Cameroon admin level 3, reviewed 2025-10-30, source Institut National de Cartographie (INC), HDX package cod-ab-cmr
Centre	Nyong-et-Mfoumou	Mengang	CM002009004	3.842223	12.115933	511.298	2019-01-04	v01	OCHA COD-AB Cameroon admin level 3, reviewed 2025-10-30, source Institut National de Cartographie (INC), HDX package cod-ab-cmr
Centre	Nyong-et-Mfoumou	Nyakokombo	CM002009005	4.047472	12.716822	286.011	2019-01-04	v01	OCHA COD-AB Cameroon admin level 3, reviewed 2025-10-30, source Institut National de Cartographie (INC), HDX package cod-ab-cmr
Centre	Nyong-et-So'o	Akoeman	CM002010001	3.260911	11.578087	663.948	2019-01-04	v01	OCHA COD-AB Cameroon admin level 3, reviewed 2025-10-30, source Institut National de Cartographie (INC), HDX package cod-ab-cmr
Centre	Nyong-et-So'o	Dzeng	CM002010002	3.675051	11.859428	763.166	2019-01-04	v01	OCHA COD-AB Cameroon admin level 3, reviewed 2025-10-30, source Institut National de Cartographie (INC), HDX package cod-ab-cmr
Centre	Nyong-et-So'o	Mbalmayo	CM002010003	3.486439	11.557743	494.303	2019-01-04	v01	OCHA COD-AB Cameroon admin level 3, reviewed 2025-10-30, source Institut National de Cartographie (INC), HDX package cod-ab-cmr
Centre	Nyong-et-So'o	Mengueme	CM002010004	3.271784	11.376668	532.186	2019-01-04	v01	OCHA COD-AB Cameroon admin level 3, reviewed 2025-10-30, source Institut National de Cartographie (INC), HDX package cod-ab-cmr
Centre	Nyong-et-So'o	Ngomedzap	CM002010005	3.285398	11.205732	660.314	2019-01-04	v01	OCHA COD-AB Cameroon admin level 3, reviewed 2025-10-30, source Institut National de Cartographie (INC), HDX package cod-ab-cmr
Centre	Nyong-et-So'o	Nkolmetet	CM002010006	3.425205	11.762926	475.628	2019-01-04	v01	OCHA COD-AB Cameroon admin level 3, reviewed 2025-10-30, source Institut National de Cartographie (INC), HDX package cod-ab-cmr
Est	Boumba-et-Ngoko	Gari Gombo	CM003001001	3.749170	14.951645	3453.243	2019-01-04	v01	OCHA COD-AB Cameroon admin level 3, reviewed 2025-10-30, source Institut National de Cartographie (INC), HDX package cod-ab-cmr
Est	Boumba-et-Ngoko	Moloundou	CM003001002	2.077493	15.477007	9948.526	2019-01-04	v01	OCHA COD-AB Cameroon admin level 3, reviewed 2025-10-30, source Institut National de Cartographie (INC), HDX package cod-ab-cmr
Est	Boumba-et-Ngoko	Salapoumbe	CM003001003	2.682765	15.337089	5503.821	2019-01-04	v01	OCHA COD-AB Cameroon admin level 3, reviewed 2025-10-30, source Institut National de Cartographie (INC), HDX package cod-ab-cmr
Est	Boumba-et-Ngoko	Yokadouma	CM003001004	3.139365	15.162230	12847.643	2019-01-04	v01	OCHA COD-AB Cameroon admin level 3, reviewed 2025-10-30, source Institut National de Cartographie (INC), HDX package cod-ab-cmr
Est	Haut-Nyong	Abong-Mbang	CM003002001	3.855450	13.270640	1695.983	2019-01-04	v01	OCHA COD-AB Cameroon admin level 3, reviewed 2025-10-30, source Institut National de Cartographie (INC), HDX package cod-ab-cmr
Est	Haut-Nyong	Bebend	CM003002002	3.915237	12.768705	889.171	2019-01-04	v01	OCHA COD-AB Cameroon admin level 3, reviewed 2025-10-30, source Institut National de Cartographie (INC), HDX package cod-ab-cmr
Est	Haut-Nyong	Dimako	CM003002003	4.337024	13.609621	721.407	2019-01-04	v01	OCHA COD-AB Cameroon admin level 3, reviewed 2025-10-30, source Institut National de Cartographie (INC), HDX package cod-ab-cmr
Est	Haut-Nyong	Dja	CM003002004	3.573244	13.866887	5338.625	2019-01-04	v01	OCHA COD-AB Cameroon admin level 3, reviewed 2025-10-30, source Institut National de Cartographie (INC), HDX package cod-ab-cmr
Est	Haut-Nyong	Doumaintang	CM003002005	4.197096	13.174437	1910.941	2019-01-04	v01	OCHA COD-AB Cameroon admin level 3, reviewed 2025-10-30, source Institut National de Cartographie (INC), HDX package cod-ab-cmr
Est	Haut-Nyong	Doume	CM003002006	4.297911	13.388894	1203.433	2019-01-04	v01	OCHA COD-AB Cameroon admin level 3, reviewed 2025-10-30, source Institut National de Cartographie (INC), HDX package cod-ab-cmr
Est	Haut-Nyong	Lomie	CM003002007	3.103904	13.369454	7313.063	2019-01-04	v01	OCHA COD-AB Cameroon admin level 3, reviewed 2025-10-30, source Institut National de Cartographie (INC), HDX package cod-ab-cmr
Est	Haut-Nyong	Mboanz	CM003002008	4.092513	12.948685	404.828	2019-01-04	v01	OCHA COD-AB Cameroon admin level 3, reviewed 2025-10-30, source Institut National de Cartographie (INC), HDX package cod-ab-cmr
Est	Haut-Nyong	Mboma	CM003002009	4.195416	12.919233	194.832	2019-01-04	v01	OCHA COD-AB Cameroon admin level 3, reviewed 2025-10-30, source Institut National de Cartographie (INC), HDX package cod-ab-cmr
Est	Haut-Nyong	Messamena	CM003002010	3.605924	12.934500	3103.158	2019-01-04	v01	OCHA COD-AB Cameroon admin level 3, reviewed 2025-10-30, source Institut National de Cartographie (INC), HDX package cod-ab-cmr
Est	Haut-Nyong	Messok	CM003002011	3.095526	14.186068	2638.140	2019-01-04	v01	OCHA COD-AB Cameroon admin level 3, reviewed 2025-10-30, source Institut National de Cartographie (INC), HDX package cod-ab-cmr
Est	Haut-Nyong	Ngoyla	CM003002012	2.613883	14.123336	7817.203	2019-01-04	v01	OCHA COD-AB Cameroon admin level 3, reviewed 2025-10-30, source Institut National de Cartographie (INC), HDX package cod-ab-cmr
Est	Haut-Nyong	Nguelemendouka	CM003002013	4.346703	12.873350	1057.867	2019-01-04	v01	OCHA COD-AB Cameroon admin level 3, reviewed 2025-10-30, source Institut National de Cartographie (INC), HDX package cod-ab-cmr
Est	Haut-Nyong	Somalomo	CM003002014	3.306797	12.967905	1762.700	2019-01-04	v01	OCHA COD-AB Cameroon admin level 3, reviewed 2025-10-30, source Institut National de Cartographie (INC), HDX package cod-ab-cmr
Est	Kadey	Batouri	CM003003001	4.490289	14.408894	3710.263	2019-01-04	v01	OCHA COD-AB Cameroon admin level 3, reviewed 2025-10-30, source Institut National de Cartographie (INC), HDX package cod-ab-cmr
Est	Kadey	Bombe	CM003003002	4.285924	14.941743	1014.034	2019-01-04	v01	OCHA COD-AB Cameroon admin level 3, reviewed 2025-10-30, source Institut National de Cartographie (INC), HDX package cod-ab-cmr
Est	Kadey	Kette	CM003003003	4.766012	14.483453	1943.034	2019-01-04	v01	OCHA COD-AB Cameroon admin level 3, reviewed 2025-10-30, source Institut National de Cartographie (INC), HDX package cod-ab-cmr
Est	Kadey	Mbang	CM003003004	3.988923	14.126577	5324.685	2019-01-04	v01	OCHA COD-AB Cameroon admin level 3, reviewed 2025-10-30, source Institut National de Cartographie (INC), HDX package cod-ab-cmr
Est	Kadey	Mbotoro	CM003003005	5.117465	14.594666	659.077	2019-01-04	v01	OCHA COD-AB Cameroon admin level 3, reviewed 2025-10-30, source Institut National de Cartographie (INC), HDX package cod-ab-cmr
Est	Kadey	Ndelele	CM003003006	4.007911	14.809767	1983.556	2019-01-04	v01	OCHA COD-AB Cameroon admin level 3, reviewed 2025-10-30, source Institut National de Cartographie (INC), HDX package cod-ab-cmr
Est	Kadey	Ndem Nam	CM003003007	4.136019	13.694725	1488.523	2019-01-04	v01	OCHA COD-AB Cameroon admin level 3, reviewed 2025-10-30, source Institut National de Cartographie (INC), HDX package cod-ab-cmr
Est	Lom-et-Djérem	Belabo	CM003004001	5.033394	13.394855	6641.329	2019-01-04	v01	OCHA COD-AB Cameroon admin level 3, reviewed 2025-10-30, source Institut National de Cartographie (INC), HDX package cod-ab-cmr
Est	Lom-et-Djérem	Bertoua 1er	CM003004002	4.528059	13.630782	167.555	2019-01-04	v01	OCHA COD-AB Cameroon admin level 3, reviewed 2025-10-30, source Institut National de Cartographie (INC), HDX package cod-ab-cmr
Est	Lom-et-Djérem	Bertoua 2e	CM003004003	4.553301	13.690902	91.141	2019-01-04	v01	OCHA COD-AB Cameroon admin level 3, reviewed 2025-10-30, source Institut National de Cartographie (INC), HDX package cod-ab-cmr
Est	Lom-et-Djérem	Betare-Oya	CM003004004	5.537812	13.682055	11754.132	2019-01-04	v01	OCHA COD-AB Cameroon admin level 3, reviewed 2025-10-30, source Institut National de Cartographie (INC), HDX package cod-ab-cmr
Est	Lom-et-Djérem	Diang	CM003004005	4.614887	13.370073	826.391	2019-01-04	v01	OCHA COD-AB Cameroon admin level 3, reviewed 2025-10-30, source Institut National de Cartographie (INC), HDX package cod-ab-cmr
Est	Lom-et-Djérem	Garoua-Boulai	CM003004006	5.729231	14.438461	2221.259	2019-01-04	v01	OCHA COD-AB Cameroon admin level 3, reviewed 2025-10-30, source Institut National de Cartographie (INC), HDX package cod-ab-cmr
Est	Lom-et-Djérem	Mandjou	CM003004007	4.827313	13.796563	2642.950	2019-01-04	v01	OCHA COD-AB Cameroon admin level 3, reviewed 2025-10-30, source Institut National de Cartographie (INC), HDX package cod-ab-cmr
Est	Lom-et-Djérem	Ngoura	CM003004008	4.882734	14.076534	1718.936	2019-01-04	v01	OCHA COD-AB Cameroon admin level 3, reviewed 2025-10-30, source Institut National de Cartographie (INC), HDX package cod-ab-cmr
Extrême-Nord	Diamaré	Bogo	CM004001001	10.811052	14.682431	1016.469	2019-01-04	v01	OCHA COD-AB Cameroon admin level 3, reviewed 2025-10-30, source Institut National de Cartographie (INC), HDX package cod-ab-cmr
Extrême-Nord	Diamaré	Dargala	CM004001002	10.546194	14.572340	388.762	2019-01-04	v01	OCHA COD-AB Cameroon admin level 3, reviewed 2025-10-30, source Institut National de Cartographie (INC), HDX package cod-ab-cmr
Extrême-Nord	Diamaré	Gazawa	CM004001003	10.546860	14.124862	188.695	2019-01-04	v01	OCHA COD-AB Cameroon admin level 3, reviewed 2025-10-30, source Institut National de Cartographie (INC), HDX package cod-ab-cmr
Extrême-Nord	Diamaré	Maroua 1er	CM004001004	10.540342	14.288485	367.629	2019-01-04	v01	OCHA COD-AB Cameroon admin level 3, reviewed 2025-10-30, source Institut National de Cartographie (INC), HDX package cod-ab-cmr
Extrême-Nord	Diamaré	Maroua 2e	CM004001005	10.641351	14.317521	42.819	2019-01-04	v01	OCHA COD-AB Cameroon admin level 3, reviewed 2025-10-30, source Institut National de Cartographie (INC), HDX package cod-ab-cmr
Extrême-Nord	Diamaré	Maroua 3e	CM004001006	10.796173	14.360595	726.431	2019-01-04	v01	OCHA COD-AB Cameroon admin level 3, reviewed 2025-10-30, source Institut National de Cartographie (INC), HDX package cod-ab-cmr
Extrême-Nord	Diamaré	Meri	CM004001007	10.758910	14.193788	647.816	2019-01-04	v01	OCHA COD-AB Cameroon admin level 3, reviewed 2025-10-30, source Institut National de Cartographie (INC), HDX package cod-ab-cmr
Extrême-Nord	Diamaré	Ndoukoula	CM004001008	10.327752	14.005443	502.377	2019-01-04	v01	OCHA COD-AB Cameroon admin level 3, reviewed 2025-10-30, source Institut National de Cartographie (INC), HDX package cod-ab-cmr
Extrême-Nord	Diamaré	Pette	CM004001009	10.944146	14.550031	880.144	2019-01-04	v01	OCHA COD-AB Cameroon admin level 3, reviewed 2025-10-30, source Institut National de Cartographie (INC), HDX package cod-ab-cmr
Extrême-Nord	Logone-et-Chari	Blangoua	CM004002001	12.774071	14.545533	220.856	2019-01-04	v01	OCHA COD-AB Cameroon admin level 3, reviewed 2025-10-30, source Institut National de Cartographie (INC), HDX package cod-ab-cmr
Extrême-Nord	Logone-et-Chari	Darak	CM004002002	12.771213	14.429966	1876.580	2019-01-04	v01	OCHA COD-AB Cameroon admin level 3, reviewed 2025-10-30, source Institut National de Cartographie (INC), HDX package cod-ab-cmr
Extrême-Nord	Logone-et-Chari	Fotokol	CM004002003	12.472671	14.280833	363.010	2019-01-04	v01	OCHA COD-AB Cameroon admin level 3, reviewed 2025-10-30, source Institut National de Cartographie (INC), HDX package cod-ab-cmr
Extrême-Nord	Logone-et-Chari	Goulfey	CM004002004	12.413261	14.712951	1638.812	2019-01-04	v01	OCHA COD-AB Cameroon admin level 3, reviewed 2025-10-30, source Institut National de Cartographie (INC), HDX package cod-ab-cmr
Extrême-Nord	Logone-et-Chari	Hile-Alifa	CM004002005	12.682983	14.353215	272.188	2019-01-04	v01	OCHA COD-AB Cameroon admin level 3, reviewed 2025-10-30, source Institut National de Cartographie (INC), HDX package cod-ab-cmr
Extrême-Nord	Logone-et-Chari	Kousseri	CM004002006	12.061162	14.994773	143.196	2019-01-04	v01	OCHA COD-AB Cameroon admin level 3, reviewed 2025-10-30, source Institut National de Cartographie (INC), HDX package cod-ab-cmr
Extrême-Nord	Logone-et-Chari	Logone-Birni	CM004002007	11.803423	14.859218	2807.220	2019-01-04	v01	OCHA COD-AB Cameroon admin level 3, reviewed 2025-10-30, source Institut National de Cartographie (INC), HDX package cod-ab-cmr
Extrême-Nord	Logone-et-Chari	Makary	CM004002008	12.442698	14.422129	1175.622	2019-01-04	v01	OCHA COD-AB Cameroon admin level 3, reviewed 2025-10-30, source Institut National de Cartographie (INC), HDX package cod-ab-cmr
Extrême-Nord	Logone-et-Chari	Waza	CM004002009	11.415740	14.706510	2479.167	2019-01-04	v01	OCHA COD-AB Cameroon admin level 3, reviewed 2025-10-30, source Institut National de Cartographie (INC), HDX package cod-ab-cmr
Extrême-Nord	Logone-et-Chari	Zina	CM004002010	11.230154	14.965120	1105.083	2019-01-04	v01	OCHA COD-AB Cameroon admin level 3, reviewed 2025-10-30, source Institut National de Cartographie (INC), HDX package cod-ab-cmr
Extrême-Nord	Mayo-Danay	Datcheka	CM004003001	10.002719	15.049166	119.874	2019-01-04	v01	OCHA COD-AB Cameroon admin level 3, reviewed 2025-10-30, source Institut National de Cartographie (INC), HDX package cod-ab-cmr
Extrême-Nord	Mayo-Danay	Gobo	CM004003002	10.067915	15.467643	600.177	2019-01-04	v01	OCHA COD-AB Cameroon admin level 3, reviewed 2025-10-30, source Institut National de Cartographie (INC), HDX package cod-ab-cmr
Extrême-Nord	Mayo-Danay	Guere	CM004003003	10.116440	15.322280	266.236	2019-01-04	v01	OCHA COD-AB Cameroon admin level 3, reviewed 2025-10-30, source Institut National de Cartographie (INC), HDX package cod-ab-cmr
Extrême-Nord	Mayo-Danay	Kai-Kai	CM004003004	10.626638	14.985073	810.152	2019-01-04	v01	OCHA COD-AB Cameroon admin level 3, reviewed 2025-10-30, source Institut National de Cartographie (INC), HDX package cod-ab-cmr
Extrême-Nord	Mayo-Danay	Kalfou	CM004003005	10.254180	15.024257	720.774	2019-01-04	v01	OCHA COD-AB Cameroon admin level 3, reviewed 2025-10-30, source Institut National de Cartographie (INC), HDX package cod-ab-cmr
Extrême-Nord	Mayo-Danay	Kar-Hay	CM004003006	10.086369	14.972709	286.658	2019-01-04	v01	OCHA COD-AB Cameroon admin level 3, reviewed 2025-10-30, source Institut National de Cartographie (INC), HDX package cod-ab-cmr
Extrême-Nord	Mayo-Danay	Maga	CM004003007	10.909659	14.941564	1058.538	2019-01-04	v01	OCHA COD-AB Cameroon admin level 3, reviewed 2025-10-30, source Institut National de Cartographie (INC), HDX package cod-ab-cmr
Extrême-Nord	Mayo-Danay	Tchatibali	CM004003008	9.987908	14.896702	96.736	2019-01-04	v01	OCHA COD-AB Cameroon admin level 3, reviewed 2025-10-30, source Institut National de Cartographie (INC), HDX package cod-ab-cmr
Extrême-Nord	Mayo-Danay	Vele	CM004003009	10.433240	15.107353	496.041	2019-01-04	v01	OCHA COD-AB Cameroon admin level 3, reviewed 2025-10-30, source Institut National de Cartographie (INC), HDX package cod-ab-cmr
Extrême-Nord	Mayo-Danay	Wina	CM004003010	10.050767	15.108116	95.995	2019-01-04	v01	OCHA COD-AB Cameroon admin level 3, reviewed 2025-10-30, source Institut National de Cartographie (INC), HDX package cod-ab-cmr
Extrême-Nord	Mayo-Danay	Yagoua	CM004003011	10.210793	15.221212	760.059	2019-01-04	v01	OCHA COD-AB Cameroon admin level 3, reviewed 2025-10-30, source Institut National de Cartographie (INC), HDX package cod-ab-cmr
Extrême-Nord	Mayo-Kani	Guidiguis	CM004004001	10.080934	14.670064	385.357	2019-01-04	v01	OCHA COD-AB Cameroon admin level 3, reviewed 2025-10-30, source Institut National de Cartographie (INC), HDX package cod-ab-cmr
Extrême-Nord	Mayo-Kani	Kaele	CM004004002	10.201453	14.407850	1316.324	2019-01-04	v01	OCHA COD-AB Cameroon admin level 3, reviewed 2025-10-30, source Institut National de Cartographie (INC), HDX package cod-ab-cmr
Extrême-Nord	Mayo-Kani	Mindif	CM004004003	10.398045	14.452282	995.195	2019-01-04	v01	OCHA COD-AB Cameroon admin level 3, reviewed 2025-10-30, source Institut National de Cartographie (INC), HDX package cod-ab-cmr
Extrême-Nord	Mayo-Kani	Moulvoudaye	CM004004004	10.414535	14.826805	1139.644	2019-01-04	v01	OCHA COD-AB Cameroon admin level 3, reviewed 2025-10-30, source Institut National de Cartographie (INC), HDX package cod-ab-cmr
Extrême-Nord	Mayo-Kani	Moutourwa	CM004004005	10.243756	14.145526	545.153	2019-01-04	v01	OCHA COD-AB Cameroon admin level 3, reviewed 2025-10-30, source Institut National de Cartographie (INC), HDX package cod-ab-cmr
Extrême-Nord	Mayo-Kani	Porhi	CM004004006	10.187539	14.819962	288.572	2019-01-04	v01	OCHA COD-AB Cameroon admin level 3, reviewed 2025-10-30, source Institut National de Cartographie (INC), HDX package cod-ab-cmr
Extrême-Nord	Mayo-Kani	Taibong	CM004004007	10.025825	14.774865	327.117	2019-01-04	v01	OCHA COD-AB Cameroon admin level 3, reviewed 2025-10-30, source Institut National de Cartographie (INC), HDX package cod-ab-cmr
Extrême-Nord	Mayo-Sava	Kolofata	CM004005001	11.140633	14.002787	631.056	2019-01-04	v01	OCHA COD-AB Cameroon admin level 3, reviewed 2025-10-30, source Institut National de Cartographie (INC), HDX package cod-ab-cmr
Extrême-Nord	Mayo-Sava	Mora	CM004005002	11.158244	14.307933	1690.235	2019-01-04	v01	OCHA COD-AB Cameroon admin level 3, reviewed 2025-10-30, source Institut National de Cartographie (INC), HDX package cod-ab-cmr
Extrême-Nord	Mayo-Sava	Tokombere	CM004005003	10.871037	14.128240	309.646	2019-01-04	v01	OCHA COD-AB Cameroon admin level 3, reviewed 2025-10-30, source Institut National de Cartographie (INC), HDX package cod-ab-cmr
Extrême-Nord	Mayo-Tsanaga	Bourrha	CM004006001	10.249560	13.526286	689.755	2019-01-04	v01	OCHA COD-AB Cameroon admin level 3, reviewed 2025-10-30, source Institut National de Cartographie (INC), HDX package cod-ab-cmr
Extrême-Nord	Mayo-Tsanaga	Hina	CM004006002	10.330405	13.811110	474.447	2019-01-04	v01	OCHA COD-AB Cameroon admin level 3, reviewed 2025-10-30, source Institut National de Cartographie (INC), HDX package cod-ab-cmr
Extrême-Nord	Mayo-Tsanaga	Koza	CM004006003	10.923294	13.881659	356.247	2019-01-04	v01	OCHA COD-AB Cameroon admin level 3, reviewed 2025-10-30, source Institut National de Cartographie (INC), HDX package cod-ab-cmr
Extrême-Nord	Mayo-Tsanaga	Mayo-Moskota	CM004006004	11.040819	13.877190	271.839	2019-01-04	v01	OCHA COD-AB Cameroon admin level 3, reviewed 2025-10-30, source Institut National de Cartographie (INC), HDX package cod-ab-cmr
Extrême-Nord	Mayo-Tsanaga	Mogode	CM004006005	10.545397	13.668078	562.298	2019-01-04	v01	OCHA COD-AB Cameroon admin level 3, reviewed 2025-10-30, source Institut National de Cartographie (INC), HDX package cod-ab-cmr
Extrême-Nord	Mayo-Tsanaga	Mokolo	CM004006006	10.666226	13.836586	1783.699	2019-01-04	v01	OCHA COD-AB Cameroon admin level 3, reviewed 2025-10-30, source Institut National de Cartographie (INC), HDX package cod-ab-cmr
Extrême-Nord	Mayo-Tsanaga	Soulede-Roua	CM004006007	10.756862	13.977968	240.114	2019-01-04	v01	OCHA COD-AB Cameroon admin level 3, reviewed 2025-10-30, source Institut National de Cartographie (INC), HDX package cod-ab-cmr
Littoral	Moungo	Bare-Bakem	CM005001001	4.982705	10.016675	237.064	2019-01-04	v01	OCHA COD-AB Cameroon admin level 3, reviewed 2025-10-30, source Institut National de Cartographie (INC), HDX package cod-ab-cmr
Littoral	Moungo	Dibombari	CM005001002	4.176936	9.639238	428.286	2019-01-04	v01	OCHA COD-AB Cameroon admin level 3, reviewed 2025-10-30, source Institut National de Cartographie (INC), HDX package cod-ab-cmr
Littoral	Moungo	Fiko	CM005001003	4.337309	9.664769	561.827	2019-01-04	v01	OCHA COD-AB Cameroon admin level 3, reviewed 2025-10-30, source Institut National de Cartographie (INC), HDX package cod-ab-cmr
Littoral	Moungo	Loum	CM005001004	4.696426	9.770477	283.292	2019-01-04	v01	OCHA COD-AB Cameroon admin level 3, reviewed 2025-10-30, source Institut National de Cartographie (INC), HDX package cod-ab-cmr
Littoral	Moungo	Manjo	CM005001005	4.872132	9.809015	333.158	2019-01-04	v01	OCHA COD-AB Cameroon admin level 3, reviewed 2025-10-30, source Institut National de Cartographie (INC), HDX package cod-ab-cmr
Littoral	Moungo	Mbanga	CM005001006	4.390882	9.558821	451.685	2019-01-04	v01	OCHA COD-AB Cameroon admin level 3, reviewed 2025-10-30, source Institut National de Cartographie (INC), HDX package cod-ab-cmr
Littoral	Moungo	Melong	CM005001007	5.167352	9.888398	589.755	2019-01-04	v01	OCHA COD-AB Cameroon admin level 3, reviewed 2025-10-30, source Institut National de Cartographie (INC), HDX package cod-ab-cmr
Littoral	Moungo	Mombo	CM005001008	4.568499	9.585666	117.286	2019-01-04	v01	OCHA COD-AB Cameroon admin level 3, reviewed 2025-10-30, source Institut National de Cartographie (INC), HDX package cod-ab-cmr
Littoral	Moungo	Njombe-Penja	CM005001009	4.575902	9.695244	261.930	2019-01-04	v01	OCHA COD-AB Cameroon admin level 3, reviewed 2025-10-30, source Institut National de Cartographie (INC), HDX package cod-ab-cmr
Littoral	Moungo	Nkongsamba 1er	CM005001010	4.901502	10.055242	150.482	2019-01-04	v01	OCHA COD-AB Cameroon admin level 3, reviewed 2025-10-30, source Institut National de Cartographie (INC), HDX package cod-ab-cmr
Littoral	Moungo	Nkongsamba 2e	CM005001011	4.986417	9.924299	25.399	2019-01-04	v01	OCHA COD-AB Cameroon admin level 3, reviewed 2025-10-30, source Institut National de Cartographie (INC), HDX package cod-ab-cmr
Littoral	Moungo	Nkongsamba 3e	CM005001012	4.973514	9.902227	48.550	2019-01-04	v01	OCHA COD-AB Cameroon admin level 3, reviewed 2025-10-30, source Institut National de Cartographie (INC), HDX package cod-ab-cmr
Littoral	Moungo	Nlonako	CM005001013	4.853213	9.930995	393.962	2019-01-04	v01	OCHA COD-AB Cameroon admin level 3, reviewed 2025-10-30, source Institut National de Cartographie (INC), HDX package cod-ab-cmr
Littoral	Nkam	Nkondjock	CM005002001	4.785691	10.208375	966.819	2019-01-04	v01	OCHA COD-AB Cameroon admin level 3, reviewed 2025-10-30, source Institut National de Cartographie (INC), HDX package cod-ab-cmr
Littoral	Nkam	Nord-Makombe	CM005002002	4.942352	10.361183	505.453	2019-01-04	v01	OCHA COD-AB Cameroon admin level 3, reviewed 2025-10-30, source Institut National de Cartographie (INC), HDX package cod-ab-cmr
Littoral	Nkam	Yabassi	CM005002003	4.402269	10.028847	3031.465	2019-01-04	v01	OCHA COD-AB Cameroon admin level 3, reviewed 2025-10-30, source Institut National de Cartographie (INC), HDX package cod-ab-cmr
Littoral	Nkam	Yingui	CM005002004	4.439430	10.455813	1657.825	2019-01-04	v01	OCHA COD-AB Cameroon admin level 3, reviewed 2025-10-30, source Institut National de Cartographie (INC), HDX package cod-ab-cmr
Littoral	Sanaga-Maritime	Dibamba	CM005003001	4.021115	10.055270	845.698	2019-01-04	v01	OCHA COD-AB Cameroon admin level 3, reviewed 2025-10-30, source Institut National de Cartographie (INC), HDX package cod-ab-cmr
Littoral	Sanaga-Maritime	Dizangue	CM005003002	3.817525	9.884540	982.490	2019-01-04	v01	OCHA COD-AB Cameroon admin level 3, reviewed 2025-10-30, source Institut National de Cartographie (INC), HDX package cod-ab-cmr
Littoral	Sanaga-Maritime	Edea 1er	CM005003003	3.560043	10.039664	1009.126	2019-01-04	v01	OCHA COD-AB Cameroon admin level 3, reviewed 2025-10-30, source Institut National de Cartographie (INC), HDX package cod-ab-cmr
Littoral	Sanaga-Maritime	Edea 2e	CM005003004	3.996828	10.322048	780.804	2019-01-04	v01	OCHA COD-AB Cameroon admin level 3, reviewed 2025-10-30, source Institut National de Cartographie (INC), HDX package cod-ab-cmr
Littoral	Sanaga-Maritime	Massock-Songloulou	CM005003005	4.136107	10.631070	576.203	2019-01-04	v01	OCHA COD-AB Cameroon admin level 3, reviewed 2025-10-30, source Institut National de Cartographie (INC), HDX package cod-ab-cmr
Littoral	Sanaga-Maritime	Mouanko	CM005003006	3.584239	9.851151	1287.269	2019-01-04	v01	OCHA COD-AB Cameroon admin level 3, reviewed 2025-10-30, source Institut National de Cartographie (INC), HDX package cod-ab-cmr
Littoral	Sanaga-Maritime	Ndom	CM005003007	4.428336	10.841367	670.120	2019-01-04	v01	OCHA COD-AB Cameroon admin level 3, reviewed 2025-10-30, source Institut National de Cartographie (INC), HDX package cod-ab-cmr
Littoral	Sanaga-Maritime	Ngambe	CM005003008	4.353401	10.600229	937.332	2019-01-04	v01	OCHA COD-AB Cameroon admin level 3, reviewed 2025-10-30, source Institut National de Cartographie (INC), HDX package cod-ab-cmr
Littoral	Sanaga-Maritime	Ngwei	CM005003009	3.796625	10.308971	876.161	2019-01-04	v01	OCHA COD-AB Cameroon admin level 3, reviewed 2025-10-30, source Institut National de Cartographie (INC), HDX package cod-ab-cmr
Littoral	Sanaga-Maritime	Nyanon	CM005003010	4.214226	10.941243	520.831	2019-01-04	v01	OCHA COD-AB Cameroon admin level 3, reviewed 2025-10-30, source Institut National de Cartographie (INC), HDX package cod-ab-cmr
Littoral	Sanaga-Maritime	Pouma	CM005003011	3.911829	10.553340	704.212	2019-01-04	v01	OCHA COD-AB Cameroon admin level 3, reviewed 2025-10-30, source Institut National de Cartographie (INC), HDX package cod-ab-cmr
Littoral	Wouri	Douala 1er	CM005004001	4.050782	9.700097	32.060	2019-01-04	v01	OCHA COD-AB Cameroon admin level 3, reviewed 2025-10-30, source Institut National de Cartographie (INC), HDX package cod-ab-cmr
Littoral	Wouri	Douala 2e	CM005004002	4.015555	9.713512	16.123	2019-01-04	v01	OCHA COD-AB Cameroon admin level 3, reviewed 2025-10-30, source Institut National de Cartographie (INC), HDX package cod-ab-cmr
Littoral	Wouri	Douala 3e	CM005004003	4.028425	9.781924	167.403	2019-01-04	v01	OCHA COD-AB Cameroon admin level 3, reviewed 2025-10-30, source Institut National de Cartographie (INC), HDX package cod-ab-cmr
Littoral	Wouri	Douala 4e	CM005004004	4.078968	9.646664	204.002	2019-01-04	v01	OCHA COD-AB Cameroon admin level 3, reviewed 2025-10-30, source Institut National de Cartographie (INC), HDX package cod-ab-cmr
Littoral	Wouri	Douala 5e	CM005004005	4.133939	9.802691	160.805	2019-01-04	v01	OCHA COD-AB Cameroon admin level 3, reviewed 2025-10-30, source Institut National de Cartographie (INC), HDX package cod-ab-cmr
Littoral	Wouri	Douala 6e	CM005004006	3.976802	9.699146	395.175	2019-01-04	v01	OCHA COD-AB Cameroon admin level 3, reviewed 2025-10-30, source Institut National de Cartographie (INC), HDX package cod-ab-cmr
Nord	Bénoué	Bascheo	CM006001001	9.763915	13.357068	1049.345	2019-01-04	v01	OCHA COD-AB Cameroon admin level 3, reviewed 2025-10-30, source Institut National de Cartographie (INC), HDX package cod-ab-cmr
Nord	Bénoué	Bibemi	CM006001002	9.302653	13.952916	2566.099	2019-01-04	v01	OCHA COD-AB Cameroon admin level 3, reviewed 2025-10-30, source Institut National de Cartographie (INC), HDX package cod-ab-cmr
Nord	Bénoué	Dembo	CM006001003	9.788445	13.538604	602.594	2019-01-04	v01	OCHA COD-AB Cameroon admin level 3, reviewed 2025-10-30, source Institut National de Cartographie (INC), HDX package cod-ab-cmr
Nord	Bénoué	Demsa	CM006001004	9.485561	13.220702	565.155	2019-01-04	v01	OCHA COD-AB Cameroon admin level 3, reviewed 2025-10-30, source Institut National de Cartographie (INC), HDX package cod-ab-cmr
Nord	Bénoué	Garoua 1er	CM006001005	9.337331	13.363649	89.788	2019-01-04	v01	OCHA COD-AB Cameroon admin level 3, reviewed 2025-10-30, source Institut National de Cartographie (INC), HDX package cod-ab-cmr
Nord	Bénoué	Garoua 2e	CM006001006	9.347571	13.429208	74.392	2019-01-04	v01	OCHA COD-AB Cameroon admin level 3, reviewed 2025-10-30, source Institut National de Cartographie (INC), HDX package cod-ab-cmr
Nord	Bénoué	Garoua 3e	CM006001007	9.271540	13.472979	260.563	2019-01-04	v01	OCHA COD-AB Cameroon admin level 3, reviewed 2025-10-30, source Institut National de Cartographie (INC), HDX package cod-ab-cmr
Nord	Bénoué	Lagdo	CM006001008	8.757955	13.520473	2231.741	2019-01-04	v01	OCHA COD-AB Cameroon admin level 3, reviewed 2025-10-30, source Institut National de Cartographie (INC), HDX package cod-ab-cmr
Nord	Bénoué	Mayo-Hourna	CM006001009	9.344740	13.128915	957.129	2019-01-04	v01	OCHA COD-AB Cameroon admin level 3, reviewed 2025-10-30, source Institut National de Cartographie (INC), HDX package cod-ab-cmr
Nord	Bénoué	Pitoa	CM006001010	9.474336	13.619505	1538.619	2019-01-04	v01	OCHA COD-AB Cameroon admin level 3, reviewed 2025-10-30, source Institut National de Cartographie (INC), HDX package cod-ab-cmr
Nord	Bénoué	Tcheboa	CM006001011	8.931515	13.277261	2634.036	2019-01-04	v01	OCHA COD-AB Cameroon admin level 3, reviewed 2025-10-30, source Institut National de Cartographie (INC), HDX package cod-ab-cmr
Nord	Bénoué	Touroua	CM006001012	9.026821	13.013919	1098.762	2019-01-04	v01	OCHA COD-AB Cameroon admin level 3, reviewed 2025-10-30, source Institut National de Cartographie (INC), HDX package cod-ab-cmr
Nord	Faro	Beka	CM006002001	8.715478	12.787383	1655.715	2019-01-04	v01	OCHA COD-AB Cameroon admin level 3, reviewed 2025-10-30, source Institut National de Cartographie (INC), HDX package cod-ab-cmr
Nord	Faro	Poli	CM006002002	8.194761	12.813481	10048.255	2019-01-04	v01	OCHA COD-AB Cameroon admin level 3, reviewed 2025-10-30, source Institut National de Cartographie (INC), HDX package cod-ab-cmr
Nord	Mayo-Louti	Figuil	CM006003001	9.898391	14.072269	866.852	2019-01-04	v01	OCHA COD-AB Cameroon admin level 3, reviewed 2025-10-30, source Institut National de Cartographie (INC), HDX package cod-ab-cmr
Nord	Mayo-Louti	Guider	CM006003002	9.906860	13.885368	1945.663	2019-01-04	v01	OCHA COD-AB Cameroon admin level 3, reviewed 2025-10-30, source Institut National de Cartographie (INC), HDX package cod-ab-cmr
Nord	Mayo-Louti	Mayo-Oulo	CM006003003	10.005985	13.483178	1394.849	2019-01-04	v01	OCHA COD-AB Cameroon admin level 3, reviewed 2025-10-30, source Institut National de Cartographie (INC), HDX package cod-ab-cmr
Nord	Mayo-Rey	Madingring	CM006004001	8.226766	14.994397	3079.566	2019-01-04	v01	OCHA COD-AB Cameroon admin level 3, reviewed 2025-10-30, source Institut National de Cartographie (INC), HDX package cod-ab-cmr
Nord	Mayo-Rey	Rey-Bouba	CM006004002	8.844458	14.300206	8821.615	2019-01-04	v01	OCHA COD-AB Cameroon admin level 3, reviewed 2025-10-30, source Institut National de Cartographie (INC), HDX package cod-ab-cmr
Nord	Mayo-Rey	Tchollire	CM006004003	7.867069	14.143866	14612.827	2019-01-04	v01	OCHA COD-AB Cameroon admin level 3, reviewed 2025-10-30, source Institut National de Cartographie (INC), HDX package cod-ab-cmr
Nord	Mayo-Rey	Touboro	CM006004004	7.641616	15.050748	10062.252	2019-01-04	v01	OCHA COD-AB Cameroon admin level 3, reviewed 2025-10-30, source Institut National de Cartographie (INC), HDX package cod-ab-cmr
Nord-Ouest	Boyo	Belo	CM007001001	6.218977	10.404053	251.056	2019-01-04	v01	OCHA COD-AB Cameroon admin level 3, reviewed 2025-10-30, source Institut National de Cartographie (INC), HDX package cod-ab-cmr
Nord-Ouest	Boyo	Bum	CM007001002	6.532634	10.440140	706.978	2019-01-04	v01	OCHA COD-AB Cameroon admin level 3, reviewed 2025-10-30, source Institut National de Cartographie (INC), HDX package cod-ab-cmr
Nord-Ouest	Boyo	Fundong	CM007001003	6.341896	10.399284	412.163	2019-01-04	v01	OCHA COD-AB Cameroon admin level 3, reviewed 2025-10-30, source Institut National de Cartographie (INC), HDX package cod-ab-cmr
Nord-Ouest	Boyo	Njinikom	CM007001004	6.216094	10.227006	280.836	2019-01-04	v01	OCHA COD-AB Cameroon admin level 3, reviewed 2025-10-30, source Institut National de Cartographie (INC), HDX package cod-ab-cmr
Nord-Ouest	Bui	Jakiri	CM007002001	6.089832	10.648503	404.325	2019-01-04	v01	OCHA COD-AB Cameroon admin level 3, reviewed 2025-10-30, source Institut National de Cartographie (INC), HDX package cod-ab-cmr
Nord-Ouest	Bui	Kumbo	CM007002002	6.206913	10.704545	227.062	2019-01-04	v01	OCHA COD-AB Cameroon admin level 3, reviewed 2025-10-30, source Institut National de Cartographie (INC), HDX package cod-ab-cmr
Nord-Ouest	Bui	Mbven	CM007002003	6.137739	10.885256	693.715	2019-01-04	v01	OCHA COD-AB Cameroon admin level 3, reviewed 2025-10-30, source Institut National de Cartographie (INC), HDX package cod-ab-cmr
Nord-Ouest	Bui	Nkum	CM007002004	6.323772	10.772633	260.311	2019-01-04	v01	OCHA COD-AB Cameroon admin level 3, reviewed 2025-10-30, source Institut National de Cartographie (INC), HDX package cod-ab-cmr
Nord-Ouest	Bui	Noni	CM007002005	6.369357	10.598344	310.649	2019-01-04	v01	OCHA COD-AB Cameroon admin level 3, reviewed 2025-10-30, source Institut National de Cartographie (INC), HDX package cod-ab-cmr
Nord-Ouest	Bui	Oku	CM007002006	6.202771	10.532521	315.317	2019-01-04	v01	OCHA COD-AB Cameroon admin level 3, reviewed 2025-10-30, source Institut National de Cartographie (INC), HDX package cod-ab-cmr
Nord-Ouest	Donga-Mantung	Ako	CM007003001	6.889173	10.693645	1100.677	2019-01-04	v01	OCHA COD-AB Cameroon admin level 3, reviewed 2025-10-30, source Institut National de Cartographie (INC), HDX package cod-ab-cmr
Nord-Ouest	Donga-Mantung	Misaje	CM007003002	6.694131	10.554060	814.895	2019-01-04	v01	OCHA COD-AB Cameroon admin level 3, reviewed 2025-10-30, source Institut National de Cartographie (INC), HDX package cod-ab-cmr
Nord-Ouest	Donga-Mantung	Ndu	CM007003003	6.424830	10.798057	480.267	2019-01-04	v01	OCHA COD-AB Cameroon admin level 3, reviewed 2025-10-30, source Institut National de Cartographie (INC), HDX package cod-ab-cmr
Nord-Ouest	Donga-Mantung	Nkambe	CM007003004	6.553125	10.745519	469.921	2019-01-04	v01	OCHA COD-AB Cameroon admin level 3, reviewed 2025-10-30, source Institut National de Cartographie (INC), HDX package cod-ab-cmr
Nord-Ouest	Donga-Mantung	Nwa	CM007003005	6.528503	10.992969	1444.180	2019-01-04	v01	OCHA COD-AB Cameroon admin level 3, reviewed 2025-10-30, source Institut National de Cartographie (INC), HDX package cod-ab-cmr
Nord-Ouest	Menchum	Fungom	CM007004001	6.580650	10.074101	2098.066	2019-01-04	v01	OCHA COD-AB Cameroon admin level 3, reviewed 2025-10-30, source Institut National de Cartographie (INC), HDX package cod-ab-cmr
Nord-Ouest	Menchum	Furu-Awa	CM007004002	6.826312	10.185456	1186.100	2019-01-04	v01	OCHA COD-AB Cameroon admin level 3, reviewed 2025-10-30, source Institut National de Cartographie (INC), HDX package cod-ab-cmr
Nord-Ouest	Menchum	Menchum-Valley	CM007004003	6.407373	9.888202	956.502	2019-01-04	v01	OCHA COD-AB Cameroon admin level 3, reviewed 2025-10-30, source Institut National de Cartographie (INC), HDX package cod-ab-cmr
Nord-Ouest	Menchum	Wum	CM007004004	6.356607	10.085567	301.152	2019-01-04	v01	OCHA COD-AB Cameroon admin level 3, reviewed 2025-10-30, source Institut National de Cartographie (INC), HDX package cod-ab-cmr
Nord-Ouest	Mezam	Bafut	CM007005001	6.165308	10.032821	486.095	2019-01-04	v01	OCHA COD-AB Cameroon admin level 3, reviewed 2025-10-30, source Institut National de Cartographie (INC), HDX package cod-ab-cmr
Nord-Ouest	Mezam	Bali	CM007005002	5.874211	10.029664	111.313	2019-01-04	v01	OCHA COD-AB Cameroon admin level 3, reviewed 2025-10-30, source Institut National de Cartographie (INC), HDX package cod-ab-cmr
Nord-Ouest	Mezam	Bamenda 1st	CM007005003	5.912756	10.201497	87.462	2019-01-04	v01	OCHA COD-AB Cameroon admin level 3, reviewed 2025-10-30, source Institut National de Cartographie (INC), HDX package cod-ab-cmr
Nord-Ouest	Mezam	Bamenda 2nd	CM007005004	5.968532	10.102200	172.613	2019-01-04	v01	OCHA COD-AB Cameroon admin level 3, reviewed 2025-10-30, source Institut National de Cartographie (INC), HDX package cod-ab-cmr
Nord-Ouest	Mezam	Bamenda 3rd	CM007005005	5.990148	10.184611	69.622	2019-01-04	v01	OCHA COD-AB Cameroon admin level 3, reviewed 2025-10-30, source Institut National de Cartographie (INC), HDX package cod-ab-cmr
Nord-Ouest	Mezam	Santa	CM007005006	5.800197	10.143223	532.948	2019-01-04	v01	OCHA COD-AB Cameroon admin level 3, reviewed 2025-10-30, source Institut National de Cartographie (INC), HDX package cod-ab-cmr
Nord-Ouest	Mezam	Tubah	CM007005007	6.038449	10.290788	388.893	2019-01-04	v01	OCHA COD-AB Cameroon admin level 3, reviewed 2025-10-30, source Institut National de Cartographie (INC), HDX package cod-ab-cmr
Nord-Ouest	Momo	Batibo	CM007006001	5.824513	9.886878	347.753	2019-01-04	v01	OCHA COD-AB Cameroon admin level 3, reviewed 2025-10-30, source Institut National de Cartographie (INC), HDX package cod-ab-cmr
Nord-Ouest	Momo	Mbengwi	CM007006002	6.069296	9.961509	468.358	2019-01-04	v01	OCHA COD-AB Cameroon admin level 3, reviewed 2025-10-30, source Institut National de Cartographie (INC), HDX package cod-ab-cmr
Nord-Ouest	Momo	Ngie	CM007006003	5.982400	9.794029	221.547	2019-01-04	v01	OCHA COD-AB Cameroon admin level 3, reviewed 2025-10-30, source Institut National de Cartographie (INC), HDX package cod-ab-cmr
Nord-Ouest	Momo	Njikwa	CM007006004	6.146288	9.840522	313.878	2019-01-04	v01	OCHA COD-AB Cameroon admin level 3, reviewed 2025-10-30, source Institut National de Cartographie (INC), HDX package cod-ab-cmr
Nord-Ouest	Momo	Widikum	CM007006005	5.946265	9.690446	440.605	2019-01-04	v01	OCHA COD-AB Cameroon admin level 3, reviewed 2025-10-30, source Institut National de Cartographie (INC), HDX package cod-ab-cmr
Nord-Ouest	Ngo-Ketunjia	Babessi	CM007007001	6.019410	10.556804	372.592	2019-01-04	v01	OCHA COD-AB Cameroon admin level 3, reviewed 2025-10-30, source Institut National de Cartographie (INC), HDX package cod-ab-cmr
Nord-Ouest	Ngo-Ketunjia	Balikumbat	CM007007002	5.879146	10.386143	337.183	2019-01-04	v01	OCHA COD-AB Cameroon admin level 3, reviewed 2025-10-30, source Institut National de Cartographie (INC), HDX package cod-ab-cmr
Nord-Ouest	Ngo-Ketunjia	Ndop	CM007007003	5.909897	10.524540	352.562	2019-01-04	v01	OCHA COD-AB Cameroon admin level 3, reviewed 2025-10-30, source Institut National de Cartographie (INC), HDX package cod-ab-cmr
Ouest	Bamboutos	Babadjou	CM008001001	5.691809	10.149405	196.779	2019-01-04	v01	OCHA COD-AB Cameroon admin level 3, reviewed 2025-10-30, source Institut National de Cartographie (INC), HDX package cod-ab-cmr
Ouest	Bamboutos	Batcham	CM008001002	5.580001	10.189793	210.536	2019-01-04	v01	OCHA COD-AB Cameroon admin level 3, reviewed 2025-10-30, source Institut National de Cartographie (INC), HDX package cod-ab-cmr
Ouest	Bamboutos	Galim	CM008001003	5.726289	10.432268	504.471	2019-01-04	v01	OCHA COD-AB Cameroon admin level 3, reviewed 2025-10-30, source Institut National de Cartographie (INC), HDX package cod-ab-cmr
Ouest	Bamboutos	Mbouda	CM008001004	5.633724	10.316028	260.811	2019-01-04	v01	OCHA COD-AB Cameroon admin level 3, reviewed 2025-10-30, source Institut National de Cartographie (INC), HDX package cod-ab-cmr
Ouest	Haut-Nkam	Bafang	CM008002001	5.113936	10.183021	106.916	2019-01-04	v01	OCHA COD-AB Cameroon admin level 3, reviewed 2025-10-30, source Institut National de Cartographie (INC), HDX package cod-ab-cmr
Ouest	Haut-Nkam	Bakou	CM008002002	5.003003	10.131678	176.756	2019-01-04	v01	OCHA COD-AB Cameroon admin level 3, reviewed 2025-10-30, source Institut National de Cartographie (INC), HDX package cod-ab-cmr
Ouest	Haut-Nkam	Bana	CM008002003	5.121345	10.307401	114.258	2019-01-04	v01	OCHA COD-AB Cameroon admin level 3, reviewed 2025-10-30, source Institut National de Cartographie (INC), HDX package cod-ab-cmr
Ouest	Haut-Nkam	Bandja	CM008002004	5.270644	10.180685	213.462	2019-01-04	v01	OCHA COD-AB Cameroon admin level 3, reviewed 2025-10-30, source Institut National de Cartographie (INC), HDX package cod-ab-cmr
Ouest	Haut-Nkam	Banka	CM008002005	5.197279	10.201625	120.832	2019-01-04	v01	OCHA COD-AB Cameroon admin level 3, reviewed 2025-10-30, source Institut National de Cartographie (INC), HDX package cod-ab-cmr
Ouest	Haut-Nkam	Banwa	CM008002006	5.085009	10.062499	107.687	2019-01-04	v01	OCHA COD-AB Cameroon admin level 3, reviewed 2025-10-30, source Institut National de Cartographie (INC), HDX package cod-ab-cmr
Ouest	Haut-Nkam	Kekem	CM008002007	5.178355	10.073973	129.078	2019-01-04	v01	OCHA COD-AB Cameroon admin level 3, reviewed 2025-10-30, source Institut National de Cartographie (INC), HDX package cod-ab-cmr
Ouest	Hauts-Plateaux	Baham	CM008003001	5.306957	10.384216	76.027	2019-01-04	v01	OCHA COD-AB Cameroon admin level 3, reviewed 2025-10-30, source Institut National de Cartographie (INC), HDX package cod-ab-cmr
Ouest	Hauts-Plateaux	Bamendjou	CM008003002	5.380116	10.308331	129.487	2019-01-04	v01	OCHA COD-AB Cameroon admin level 3, reviewed 2025-10-30, source Institut National de Cartographie (INC), HDX package cod-ab-cmr
Ouest	Hauts-Plateaux	Bangou	CM008003003	5.226250	10.369077	155.842	2019-01-04	v01	OCHA COD-AB Cameroon admin level 3, reviewed 2025-10-30, source Institut National de Cartographie (INC), HDX package cod-ab-cmr
Ouest	Hauts-Plateaux	Batie	CM008003004	5.290849	10.281809	72.330	2019-01-04	v01	OCHA COD-AB Cameroon admin level 3, reviewed 2025-10-30, source Institut National de Cartographie (INC), HDX package cod-ab-cmr
Ouest	Koung-Khi	Bayangam	CM008004001	5.263726	10.456896	77.953	2019-01-04	v01	OCHA COD-AB Cameroon admin level 3, reviewed 2025-10-30, source Institut National de Cartographie (INC), HDX package cod-ab-cmr
Ouest	Koung-Khi	Djebem	CM008004002	5.318473	10.503374	122.305	2019-01-04	v01	OCHA COD-AB Cameroon admin level 3, reviewed 2025-10-30, source Institut National de Cartographie (INC), HDX package cod-ab-cmr
Ouest	Koung-Khi	Poumougne	CM008004003	5.389707	10.433579	143.749	2019-01-04	v01	OCHA COD-AB Cameroon admin level 3, reviewed 2025-10-30, source Institut National de Cartographie (INC), HDX package cod-ab-cmr
Ouest	Menoua	Dschang	CM008005001	5.414838	10.024643	221.144	2019-01-04	v01	OCHA COD-AB Cameroon admin level 3, reviewed 2025-10-30, source Institut National de Cartographie (INC), HDX package cod-ab-cmr
Ouest	Menoua	Fokoue	CM008005002	5.321070	10.107346	169.066	2019-01-04	v01	OCHA COD-AB Cameroon admin level 3, reviewed 2025-10-30, source Institut National de Cartographie (INC), HDX package cod-ab-cmr
Ouest	Menoua	Fongo-Tongo	CM008005003	5.553334	10.008750	151.495	2019-01-04	v01	OCHA COD-AB Cameroon admin level 3, reviewed 2025-10-30, source Institut National de Cartographie (INC), HDX package cod-ab-cmr
Ouest	Menoua	Nkong-Ni	CM008005004	5.511499	10.126442	210.729	2019-01-04	v01	OCHA COD-AB Cameroon admin level 3, reviewed 2025-10-30, source Institut National de Cartographie (INC), HDX package cod-ab-cmr
Ouest	Menoua	Penka-Michel	CM008005005	5.446442	10.252168	269.983	2019-01-04	v01	OCHA COD-AB Cameroon admin level 3, reviewed 2025-10-30, source Institut National de Cartographie (INC), HDX package cod-ab-cmr
Ouest	Menoua	Santchou	CM008005006	5.301923	9.948667	362.526	2019-01-04	v01	OCHA COD-AB Cameroon admin level 3, reviewed 2025-10-30, source Institut National de Cartographie (INC), HDX package cod-ab-cmr
Ouest	Mifi	Bafoussam 1er	CM008006001	5.497030	10.518792	140.949	2019-01-04	v01	OCHA COD-AB Cameroon admin level 3, reviewed 2025-10-30, source Institut National de Cartographie (INC), HDX package cod-ab-cmr
Ouest	Mifi	Bafoussam 2e	CM008006002	5.544370	10.446956	178.465	2019-01-04	v01	OCHA COD-AB Cameroon admin level 3, reviewed 2025-10-30, source Institut National de Cartographie (INC), HDX package cod-ab-cmr
Ouest	Mifi	Bafoussam 3e	CM008006003	5.488252	10.365604	90.568	2019-01-04	v01	OCHA COD-AB Cameroon admin level 3, reviewed 2025-10-30, source Institut National de Cartographie (INC), HDX package cod-ab-cmr
Ouest	Ndé	Bangangte	CM008007001	5.106908	10.643325	828.745	2019-01-04	v01	OCHA COD-AB Cameroon admin level 3, reviewed 2025-10-30, source Institut National de Cartographie (INC), HDX package cod-ab-cmr
Ouest	Ndé	Bassamba	CM008007002	5.050520	10.569187	11.367	2019-01-04	v01	OCHA COD-AB Cameroon admin level 3, reviewed 2025-10-30, source Institut National de Cartographie (INC), HDX package cod-ab-cmr
Ouest	Ndé	Bazou	CM008007003	5.029050	10.440755	221.419	2019-01-04	v01	OCHA COD-AB Cameroon admin level 3, reviewed 2025-10-30, source Institut National de Cartographie (INC), HDX package cod-ab-cmr
Ouest	Ndé	Tonga	CM008007004	4.940432	10.553215	532.906	2019-01-04	v01	OCHA COD-AB Cameroon admin level 3, reviewed 2025-10-30, source Institut National de Cartographie (INC), HDX package cod-ab-cmr
Ouest	Noun	Bangourain	CM008008001	5.901678	10.696761	394.634	2019-01-04	v01	OCHA COD-AB Cameroon admin level 3, reviewed 2025-10-30, source Institut National de Cartographie (INC), HDX package cod-ab-cmr
Ouest	Noun	Foumban	CM008008002	5.718422	10.907526	560.233	2019-01-04	v01	OCHA COD-AB Cameroon admin level 3, reviewed 2025-10-30, source Institut National de Cartographie (INC), HDX package cod-ab-cmr
Ouest	Noun	Foumbot	CM008008003	5.421607	10.623017	759.553	2019-01-04	v01	OCHA COD-AB Cameroon admin level 3, reviewed 2025-10-30, source Institut National de Cartographie (INC), HDX package cod-ab-cmr
Ouest	Noun	Kouoptamo	CM008008004	5.681472	10.544018	312.428	2019-01-04	v01	OCHA COD-AB Cameroon admin level 3, reviewed 2025-10-30, source Institut National de Cartographie (INC), HDX package cod-ab-cmr
Ouest	Noun	Koutaba	CM008008005	5.650986	10.718288	451.065	2019-01-04	v01	OCHA COD-AB Cameroon admin level 3, reviewed 2025-10-30, source Institut National de Cartographie (INC), HDX package cod-ab-cmr
Ouest	Noun	Magba	CM008008006	6.065844	11.144752	1174.197	2019-01-04	v01	OCHA COD-AB Cameroon admin level 3, reviewed 2025-10-30, source Institut National de Cartographie (INC), HDX package cod-ab-cmr
Ouest	Noun	Malantouen	CM008008007	5.653292	11.108636	1084.386	2019-01-04	v01	OCHA COD-AB Cameroon admin level 3, reviewed 2025-10-30, source Institut National de Cartographie (INC), HDX package cod-ab-cmr
Ouest	Noun	Massangam	CM008008008	5.256181	10.874065	2208.652	2019-01-04	v01	OCHA COD-AB Cameroon admin level 3, reviewed 2025-10-30, source Institut National de Cartographie (INC), HDX package cod-ab-cmr
Ouest	Noun	Njimom	CM008008009	5.895942	10.925675	700.587	2019-01-04	v01	OCHA COD-AB Cameroon admin level 3, reviewed 2025-10-30, source Institut National de Cartographie (INC), HDX package cod-ab-cmr
Sud	Dja-et-Lobo	Bengbis	CM009001001	3.322424	12.414415	2254.298	2019-01-04	v01	OCHA COD-AB Cameroon admin level 3, reviewed 2025-10-30, source Institut National de Cartographie (INC), HDX package cod-ab-cmr
Sud	Dja-et-Lobo	Djoum	CM009001002	2.636243	12.814371	5441.674	2019-01-04	v01	OCHA COD-AB Cameroon admin level 3, reviewed 2025-10-30, source Institut National de Cartographie (INC), HDX package cod-ab-cmr
Sud	Dja-et-Lobo	Meyomessala	CM009001003	3.090862	12.237631	2118.988	2019-01-04	v01	OCHA COD-AB Cameroon admin level 3, reviewed 2025-10-30, source Institut National de Cartographie (INC), HDX package cod-ab-cmr
Sud	Dja-et-Lobo	Meyomessi	CM009001004	2.725157	12.269024	1240.554	2019-01-04	v01	OCHA COD-AB Cameroon admin level 3, reviewed 2025-10-30, source Institut National de Cartographie (INC), HDX package cod-ab-cmr
Sud	Dja-et-Lobo	Mintom	CM009001005	2.537918	13.397854	4062.991	2019-01-04	v01	OCHA COD-AB Cameroon admin level 3, reviewed 2025-10-30, source Institut National de Cartographie (INC), HDX package cod-ab-cmr
Sud	Dja-et-Lobo	Oveng	CM009001006	2.470939	12.334417	1781.602	2019-01-04	v01	OCHA COD-AB Cameroon admin level 3, reviewed 2025-10-30, source Institut National de Cartographie (INC), HDX package cod-ab-cmr
Sud	Dja-et-Lobo	Sangmelima	CM009001007	2.914923	11.903142	1935.635	2019-01-04	v01	OCHA COD-AB Cameroon admin level 3, reviewed 2025-10-30, source Institut National de Cartographie (INC), HDX package cod-ab-cmr
Sud	Dja-et-Lobo	Zoetele	CM009001008	3.270527	11.870507	1086.572	2019-01-04	v01	OCHA COD-AB Cameroon admin level 3, reviewed 2025-10-30, source Institut National de Cartographie (INC), HDX package cod-ab-cmr
Sud	Mvila	Biwong-Bane	CM009002001	3.094158	11.097245	458.412	2019-01-04	v01	OCHA COD-AB Cameroon admin level 3, reviewed 2025-10-30, source Institut National de Cartographie (INC), HDX package cod-ab-cmr
Sud	Mvila	Biwong-Bulu	CM009002002	2.790089	11.515969	977.635	2019-01-04	v01	OCHA COD-AB Cameroon admin level 3, reviewed 2025-10-30, source Institut National de Cartographie (INC), HDX package cod-ab-cmr
Sud	Mvila	Ebolowa 1er	CM009002003	2.924166	10.923395	734.717	2019-01-04	v01	OCHA COD-AB Cameroon admin level 3, reviewed 2025-10-30, source Institut National de Cartographie (INC), HDX package cod-ab-cmr
Sud	Mvila	Ebolowa 2e	CM009002004	2.700686	11.279058	1994.991	2019-01-04	v01	OCHA COD-AB Cameroon admin level 3, reviewed 2025-10-30, source Institut National de Cartographie (INC), HDX package cod-ab-cmr
Sud	Mvila	Efoulan	CM009002005	3.075141	10.779909	856.388	2019-01-04	v01	OCHA COD-AB Cameroon admin level 3, reviewed 2025-10-30, source Institut National de Cartographie (INC), HDX package cod-ab-cmr
Sud	Mvila	Mengong	CM009002006	2.939328	11.430140	886.389	2019-01-04	v01	OCHA COD-AB Cameroon admin level 3, reviewed 2025-10-30, source Institut National de Cartographie (INC), HDX package cod-ab-cmr
Sud	Mvila	Mvangane	CM009002007	2.535456	11.962306	2078.959	2019-01-04	v01	OCHA COD-AB Cameroon admin level 3, reviewed 2025-10-30, source Institut National de Cartographie (INC), HDX package cod-ab-cmr
Sud	Mvila	Ngoulemakong	CM009002008	3.083734	11.463370	690.353	2019-01-04	v01	OCHA COD-AB Cameroon admin level 3, reviewed 2025-10-30, source Institut National de Cartographie (INC), HDX package cod-ab-cmr
Sud	Océan	Akom 2	CM009003001	2.828751	10.468896	1931.335	2019-01-04	v01	OCHA COD-AB Cameroon admin level 3, reviewed 2025-10-30, source Institut National de Cartographie (INC), HDX package cod-ab-cmr
Sud	Océan	Bipindi	CM009003002	3.194488	10.415698	1319.626	2019-01-04	v01	OCHA COD-AB Cameroon admin level 3, reviewed 2025-10-30, source Institut National de Cartographie (INC), HDX package cod-ab-cmr
Sud	Océan	Campo	CM009003003	2.424537	10.099707	2755.744	2019-01-04	v01	OCHA COD-AB Cameroon admin level 3, reviewed 2025-10-30, source Institut National de Cartographie (INC), HDX package cod-ab-cmr
Sud	Océan	Kribi 1er	CM009003004	2.800937	9.906680	203.285	2019-01-04	v01	OCHA COD-AB Cameroon admin level 3, reviewed 2025-10-30, source Institut National de Cartographie (INC), HDX package cod-ab-cmr
Sud	Océan	Kribi 2e	CM009003005	3.014078	9.976011	104.909	2019-01-04	v01	OCHA COD-AB Cameroon admin level 3, reviewed 2025-10-30, source Institut National de Cartographie (INC), HDX package cod-ab-cmr
Sud	Océan	Lokoundje	CM009003006	3.115416	10.121683	2289.476	2019-01-04	v01	OCHA COD-AB Cameroon admin level 3, reviewed 2025-10-30, source Institut National de Cartographie (INC), HDX package cod-ab-cmr
Sud	Océan	Lolodorf	CM009003007	3.273329	10.712575	964.029	2019-01-04	v01	OCHA COD-AB Cameroon admin level 3, reviewed 2025-10-30, source Institut National de Cartographie (INC), HDX package cod-ab-cmr
Sud	Océan	Mvengue	CM009003008	3.276298	10.977170	819.097	2019-01-04	v01	OCHA COD-AB Cameroon admin level 3, reviewed 2025-10-30, source Institut National de Cartographie (INC), HDX package cod-ab-cmr
Sud	Océan	Niete	CM009003009	2.749164	10.129495	1000.618	2019-01-04	v01	OCHA COD-AB Cameroon admin level 3, reviewed 2025-10-30, source Institut National de Cartographie (INC), HDX package cod-ab-cmr
Sud	Vallée-du-Ntem	Ambam	CM009004001	2.516209	11.212054	2452.284	2019-01-04	v01	OCHA COD-AB Cameroon admin level 3, reviewed 2025-10-30, source Institut National de Cartographie (INC), HDX package cod-ab-cmr
Sud	Vallée-du-Ntem	Kye-Ossi	CM009004002	2.239398	11.274573	268.389	2019-01-04	v01	OCHA COD-AB Cameroon admin level 3, reviewed 2025-10-30, source Institut National de Cartographie (INC), HDX package cod-ab-cmr
Sud	Vallée-du-Ntem	Maan	CM009004003	2.483497	10.676326	3987.086	2019-01-04	v01	OCHA COD-AB Cameroon admin level 3, reviewed 2025-10-30, source Institut National de Cartographie (INC), HDX package cod-ab-cmr
Sud	Vallée-du-Ntem	Olamze	CM009004004	2.232753	11.054049	477.131	2019-01-04	v01	OCHA COD-AB Cameroon admin level 3, reviewed 2025-10-30, source Institut National de Cartographie (INC), HDX package cod-ab-cmr
Sud-Ouest	Fako	Buea	CM010001001	4.182014	9.281682	534.219	2019-01-04	v01	OCHA COD-AB Cameroon admin level 3, reviewed 2025-10-30, source Institut National de Cartographie (INC), HDX package cod-ab-cmr
Sud-Ouest	Fako	Limbe 1st	CM010001002	4.044024	9.248415	79.896	2019-01-04	v01	OCHA COD-AB Cameroon admin level 3, reviewed 2025-10-30, source Institut National de Cartographie (INC), HDX package cod-ab-cmr
Sud-Ouest	Fako	Limbe 2nd	CM010001003	4.035105	9.144140	58.357	2019-01-04	v01	OCHA COD-AB Cameroon admin level 3, reviewed 2025-10-30, source Institut National de Cartographie (INC), HDX package cod-ab-cmr
Sud-Ouest	Fako	Limbe 3rd	CM010001004	3.958234	9.344978	113.021	2019-01-04	v01	OCHA COD-AB Cameroon admin level 3, reviewed 2025-10-30, source Institut National de Cartographie (INC), HDX package cod-ab-cmr
Sud-Ouest	Fako	Muyuka	CM010001005	4.321785	9.333153	476.346	2019-01-04	v01	OCHA COD-AB Cameroon admin level 3, reviewed 2025-10-30, source Institut National de Cartographie (INC), HDX package cod-ab-cmr
Sud-Ouest	Fako	Tiko	CM010001006	4.085612	9.389336	468.733	2019-01-04	v01	OCHA COD-AB Cameroon admin level 3, reviewed 2025-10-30, source Institut National de Cartographie (INC), HDX package cod-ab-cmr
Sud-Ouest	Fako	West-Coast	CM010001007	4.181866	9.077454	305.714	2019-01-04	v01	OCHA COD-AB Cameroon admin level 3, reviewed 2025-10-30, source Institut National de Cartographie (INC), HDX package cod-ab-cmr
Sud-Ouest	Kupe-Manenguba	Bangem	CM010002001	5.066425	9.738818	572.483	2019-01-04	v01	OCHA COD-AB Cameroon admin level 3, reviewed 2025-10-30, source Institut National de Cartographie (INC), HDX package cod-ab-cmr
Sud-Ouest	Kupe-Manenguba	Nguti	CM010002002	5.252325	9.475948	1850.544	2019-01-04	v01	OCHA COD-AB Cameroon admin level 3, reviewed 2025-10-30, source Institut National de Cartographie (INC), HDX package cod-ab-cmr
Sud-Ouest	Kupe-Manenguba	Tombel	CM010002003	4.844254	9.607635	1029.339	2019-01-04	v01	OCHA COD-AB Cameroon admin level 3, reviewed 2025-10-30, source Institut National de Cartographie (INC), HDX package cod-ab-cmr
Sud-Ouest	Lebialem	Alou	CM010003001	5.554778	9.913949	152.780	2019-01-04	v01	OCHA COD-AB Cameroon admin level 3, reviewed 2025-10-30, source Institut National de Cartographie (INC), HDX package cod-ab-cmr
Sud-Ouest	Lebialem	Fontem	CM010003002	5.446155	9.862662	236.663	2019-01-04	v01	OCHA COD-AB Cameroon admin level 3, reviewed 2025-10-30, source Institut National de Cartographie (INC), HDX package cod-ab-cmr
Sud-Ouest	Lebialem	Wabane	CM010003003	5.670733	10.002108	252.293	2019-01-04	v01	OCHA COD-AB Cameroon admin level 3, reviewed 2025-10-30, source Institut National de Cartographie (INC), HDX package cod-ab-cmr
Sud-Ouest	Manyu	Akwaya	CM010004001	6.163182	9.489942	3681.469	2019-01-04	v01	OCHA COD-AB Cameroon admin level 3, reviewed 2025-10-30, source Institut National de Cartographie (INC), HDX package cod-ab-cmr
Sud-Ouest	Manyu	Eyumodjock	CM010004002	5.605821	8.999612	1372.581	2019-01-04	v01	OCHA COD-AB Cameroon admin level 3, reviewed 2025-10-30, source Institut National de Cartographie (INC), HDX package cod-ab-cmr
Sud-Ouest	Manyu	Mamfe	CM010004003	5.648069	9.340954	3199.416	2019-01-04	v01	OCHA COD-AB Cameroon admin level 3, reviewed 2025-10-30, source Institut National de Cartographie (INC), HDX package cod-ab-cmr
Sud-Ouest	Manyu	Upper Bayang	CM010004004	5.603328	9.722183	1217.453	2019-01-04	v01	OCHA COD-AB Cameroon admin level 3, reviewed 2025-10-30, source Institut National de Cartographie (INC), HDX package cod-ab-cmr
Sud-Ouest	Meme	Konye	CM010005001	4.871148	9.380138	977.032	2019-01-04	v01	OCHA COD-AB Cameroon admin level 3, reviewed 2025-10-30, source Institut National de Cartographie (INC), HDX package cod-ab-cmr
Sud-Ouest	Meme	Kumba 1st	CM010005002	4.546284	9.319593	431.103	2019-01-04	v01	OCHA COD-AB Cameroon admin level 3, reviewed 2025-10-30, source Institut National de Cartographie (INC), HDX package cod-ab-cmr
Sud-Ouest	Meme	Kumba 2nd	CM010005003	4.731731	9.458794	229.897	2019-01-04	v01	OCHA COD-AB Cameroon admin level 3, reviewed 2025-10-30, source Institut National de Cartographie (INC), HDX package cod-ab-cmr
Sud-Ouest	Meme	Kumba 3rd	CM010005004	4.539157	9.459677	408.284	2019-01-04	v01	OCHA COD-AB Cameroon admin level 3, reviewed 2025-10-30, source Institut National de Cartographie (INC), HDX package cod-ab-cmr
Sud-Ouest	Meme	Mbonge	CM010005005	4.443692	9.183486	802.749	2019-01-04	v01	OCHA COD-AB Cameroon admin level 3, reviewed 2025-10-30, source Institut National de Cartographie (INC), HDX package cod-ab-cmr
Sud-Ouest	Ndian	Bamusso	CM010006001	4.461113	8.997182	670.301	2019-01-04	v01	OCHA COD-AB Cameroon admin level 3, reviewed 2025-10-30, source Institut National de Cartographie (INC), HDX package cod-ab-cmr
Sud-Ouest	Ndian	Dikome Balue	CM010006002	4.807316	9.168864	404.729	2019-01-04	v01	OCHA COD-AB Cameroon admin level 3, reviewed 2025-10-30, source Institut National de Cartographie (INC), HDX package cod-ab-cmr
Sud-Ouest	Ndian	Ekondo Titi	CM010006003	4.693425	8.932720	703.469	2019-01-04	v01	OCHA COD-AB Cameroon admin level 3, reviewed 2025-10-30, source Institut National de Cartographie (INC), HDX package cod-ab-cmr
Sud-Ouest	Ndian	Idabato	CM010006004	4.537341	8.537121	132.679	2019-01-04	v01	OCHA COD-AB Cameroon admin level 3, reviewed 2025-10-30, source Institut National de Cartographie (INC), HDX package cod-ab-cmr
Sud-Ouest	Ndian	Isangele	CM010006005	4.794832	8.659326	370.626	2019-01-04	v01	OCHA COD-AB Cameroon admin level 3, reviewed 2025-10-30, source Institut National de Cartographie (INC), HDX package cod-ab-cmr
Sud-Ouest	Ndian	Kombo Abedimo	CM010006006	4.598822	8.585819	266.922	2019-01-04	v01	OCHA COD-AB Cameroon admin level 3, reviewed 2025-10-30, source Institut National de Cartographie (INC), HDX package cod-ab-cmr
Sud-Ouest	Ndian	Kombo Itindi	CM010006007	4.652949	8.749988	415.413	2019-01-04	v01	OCHA COD-AB Cameroon admin level 3, reviewed 2025-10-30, source Institut National de Cartographie (INC), HDX package cod-ab-cmr
Sud-Ouest	Ndian	Mundemba	CM010006008	5.051736	8.845412	1857.553	2019-01-04	v01	OCHA COD-AB Cameroon admin level 3, reviewed 2025-10-30, source Institut National de Cartographie (INC), HDX package cod-ab-cmr
Sud-Ouest	Ndian	Toko	CM010006009	5.180701	9.109286	1492.214	2019-01-04	v01	OCHA COD-AB Cameroon admin level 3, reviewed 2025-10-30, source Institut National de Cartographie (INC), HDX package cod-ab-cmr